[
    {
        "id": "1488",
        "vehicleType": "LRV_LRV",
        "lat": 37.764095,
        "lon": -122.465904,
        "jobTag": "9703_M31",
        "tripTag": "11623575_M31",
        "scheduledAdherenceSec": 237365,
        "scheduledHeadwaySec": 0,
        "heading": 255,
        "kph": 8,
        "secsSinceReport": 71,
        "predictable": true,
        "breakpointing": false,
        "route": {
            "id": "N",
            "name": "N Judah"
        },
        "dir": {
            "id": "N_0_var1",
            "dirName": "Ocean Beach from King St & 4th St",
            "dirNameShort": "Ocean Beach"
        },
        "occupancyStatus": 0,
        "occupancyDescription": "Empty",
        "vehiclesInConsist": 2,
        "linkedVehicleIds": "1498,1488",
        "detourId": null,
        "gpsTime": 1722995673000,
        "avlTime": 1722995691284,
        "lastDepot": "caltrain",
        "vehiclePosition": {
            "pathTag": "N_0_var1_10_3912_5199",
            "pathIndex": 169,
            "position": 868,
            "currentStopTag": "7999",
            "currentStopOrderInTripPattern": 17,
            "atCurrentStop": false,
            "predictionTime": 1722995724171
        },
        "runId": "GRN065",
        "predUsingNavigationTm": false,
        "deadheadingBusYard": null
    },
    {
        "id": "1499",
        "vehicleType": "LRV_LRV",
        "lat": 37.760551,
        "lon": -122.502823,
        "jobTag": "9708_M31",
        "tripTag": "11623694_M31",
        "scheduledAdherenceSec": 81136,
        "scheduledHeadwaySec": 0,
        "heading": 75,
        "kph": 29,
        "secsSinceReport": 165,
        "predictable": true,
        "breakpointing": false,
        "route": {
            "id": "N",
            "name": "N Judah"
        },
        "dir": {
            "id": "N_1_var0",
            "dirName": "Caltrain/Ballpark",
            "dirNameShort": "Caltrain/Ballpark"
        },
        "occupancyStatus": 0,
        "occupancyDescription": "Empty",
        "vehiclesInConsist": 2,
        "linkedVehicleIds": "1542,1499",
        "detourId": null,
        "gpsTime": 1722995579000,
        "avlTime": 1722995600876,
        "lastDepot": "caltrain",
        "vehiclePosition": {
            "pathTag": "N_1_var0_2_5223_5225",
            "pathIndex": 173,
            "position": 471,
            "currentStopTag": "5214",
            "currentStopOrderInTripPattern": 3,
            "atCurrentStop": true
        },
        "runId": "GRN081",
        "predUsingNavigationTm": false,
        "deadheadingBusYard": null
    },
    {
        "id": "1526",
        "vehicleType": "LRV_LRV",
        "lat": 37.765217,
        "lon": -122.45414,
        "jobTag": "9704_M31",
        "tripTag": "11623692_M31",
        "scheduledAdherenceSec": 98157,
        "scheduledHeadwaySec": 0,
        "heading": 75,
        "kph": 24,
        "secsSinceReport": 301,
        "predictable": true,
        "breakpointing": false,
        "route": {
            "id": "N",
            "name": "N Judah"
        },
        "dir": {
            "id": "N_1_var0",
            "dirName": "Caltrain/Ballpark",
            "dirNameShort": "Caltrain/Ballpark"
        },
        "occupancyStatus": 0,
        "occupancyDescription": "Empty",
        "vehiclesInConsist": 2,
        "linkedVehicleIds": "1535,1526",
        "detourId": null,
        "gpsTime": 1722995443000,
        "avlTime": 1722995457977,
        "lastDepot": "caltrain",
        "vehiclePosition": {
            "pathTag": "N_1_var0_8_3913_4448",
            "pathIndex": 183,
            "position": 210,
            "currentStopTag": "3915",
            "currentStopOrderInTripPattern": 20,
            "atCurrentStop": false,
            "predictionTime": 1722995475549
        },
        "runId": "GRN066",
        "predUsingNavigationTm": false,
        "deadheadingBusYard": null
    },
    {
        "id": "2008",
        "vehicleType": "LRV_LRV",
        "lat": 37.774918,
        "lon": -122.419655,
        "jobTag": "9713_M31",
        "tripTag": "11623578_M31",
        "scheduledAdherenceSec": 187577,
        "scheduledHeadwaySec": 0,
        "heading": 225,
        "kph": 14,
        "secsSinceReport": 20,
        "predictable": true,
        "breakpointing": false,
        "route": {
            "id": "N",
            "name": "N Judah"
        },
        "dir": {
            "id": "N_0_var1",
            "dirName": "Ocean Beach from King St & 4th St",
            "dirNameShort": "Ocean Beach"
        },
        "occupancyStatus": 3,
        "occupancyDescription": "Standing room only",
        "vehiclesInConsist": 2,
        "linkedVehicleIds": "2008,2056",
        "detourId": null,
        "gpsTime": 1722995724000,
        "avlTime": 1722995740667,
        "lastDepot": "caltrain",
        "vehiclePosition": {
            "pathTag": "N_0_var1_8_6996_3912",
            "pathIndex": 170,
            "position": 44,
            "currentStopTag": "4447",
            "currentStopOrderInTripPattern": 10,
            "atCurrentStop": false,
            "predictionTime": 1722996013346
        },
        "runId": "GRN096",
        "predUsingNavigationTm": false,
        "deadheadingBusYard": null
    },
    {
        "id": "2021",
        "vehicleType": "LRV_LRV",
        "lat": 37.79269,
        "lon": -122.397171,
        "jobTag": "9707_M31",
        "tripTag": "11623563_M31",
        "scheduledAdherenceSec": -99113,
        "scheduledHeadwaySec": 0,
        "heading": 227,
        "kph": 0,
        "secsSinceReport": 31,
        "predictable": true,
        "breakpointing": false,
        "route": {
            "id": "N",
            "name": "N Judah"
        },
        "dir": {
            "id": "N_0_var1",
            "dirName": "Ocean Beach from King St & 4th St",
            "dirNameShort": "Ocean Beach"
        },
        "occupancyStatus": 1,
        "occupancyDescription": "Many seats available",
        "vehiclesInConsist": 2,
        "linkedVehicleIds": "2138,2021",
        "detourId": null,
        "gpsTime": 1722995713000,
        "avlTime": 1722995732328,
        "lastDepot": "caltrain",
        "vehiclePosition": {
            "pathTag": "N_0_var1_4_4510_7217",
            "pathIndex": 163,
            "position": 913,
            "currentStopTag": "7217",
            "currentStopOrderInTripPattern": 5,
            "atCurrentStop": true
        },
        "runId": "GRN098",
        "predUsingNavigationTm": false,
        "deadheadingBusYard": null
    },
    {
        "id": "2018",
        "vehicleType": "LRV_LRV",
        "lat": 37.791744,
        "lon": -122.390808,
        "jobTag": "9712_M31",
        "tripTag": "11623784_M31",
        "scheduledAdherenceSec": -59159,
        "scheduledHeadwaySec": 0,
        "heading": 150,
        "kph": 14,
        "secsSinceReport": 20,
        "predictable": true,
        "breakpointing": false,
        "route": {
            "id": "N",
            "name": "N Judah"
        },
        "dir": {
            "id": "N_1_var0",
            "dirName": "Caltrain/Ballpark",
            "dirNameShort": "Caltrain/Ballpark"
        },
        "occupancyStatus": 1,
        "occupancyDescription": "Many seats available",
        "vehiclesInConsist": 2,
        "linkedVehicleIds": "2018,2133",
        "detourId": null,
        "gpsTime": 1722995724000,
        "avlTime": 1722995741155,
        "lastDepot": "caltrain",
        "vehiclePosition": {
            "pathTag": "N_1_var0_14_6992_4509",
            "pathIndex": 156,
            "position": 693,
            "currentStopTag": "4509",
            "currentStopOrderInTripPattern": 29,
            "atCurrentStop": false,
            "predictionTime": 1722995805661
        },
        "runId": "GRN075",
        "predUsingNavigationTm": false,
        "deadheadingBusYard": null
    },
    {
        "id": "2015",
        "vehicleType": "LRV_LRV",
        "lat": 37.761063,
        "lon": -122.492653,
        "jobTag": "9711_M31",
        "tripTag": "11623574_M31",
        "scheduledAdherenceSec": 96699,
        "scheduledHeadwaySec": 0,
        "heading": 255,
        "kph": 3,
        "secsSinceReport": 27,
        "predictable": true,
        "breakpointing": false,
        "route": {
            "id": "N",
            "name": "N Judah"
        },
        "dir": {
            "id": "N_0_var1",
            "dirName": "Ocean Beach from King St & 4th St",
            "dirNameShort": "Ocean Beach"
        },
        "occupancyStatus": 1,
        "occupancyDescription": "Many seats available",
        "vehiclesInConsist": 2,
        "linkedVehicleIds": "2016,2015",
        "detourId": null,
        "gpsTime": 1722995717000,
        "avlTime": 1722995730776,
        "lastDepot": "caltrain",
        "vehiclePosition": {
            "pathTag": "N_0_var1_12_5199_5224",
            "pathIndex": 172,
            "position": 1384,
            "currentStopTag": "5209",
            "currentStopOrderInTripPattern": 27,
            "atCurrentStop": true
        },
        "runId": "GRN090",
        "predUsingNavigationTm": false,
        "deadheadingBusYard": null
    },
    {
        "id": "2032",
        "vehicleType": "LRV_LRV",
        "lat": 37.7771339,
        "lon": -122.393082,
        "jobTag": "9702_M31",
        "tripTag": "11623783_M31",
        "scheduledAdherenceSec": 0,
        "scheduledHeadwaySec": 0,
        "heading": 225,
        "kph": 19,
        "secsSinceReport": 78,
        "predictable": true,
        "breakpointing": false,
        "route": {
            "id": "N",
            "name": "N Judah"
        },
        "dir": {
            "id": "N_0_var1",
            "dirName": "Ocean Beach from King St & 4th St",
            "dirNameShort": "Ocean Beach"
        },
        "occupancyStatus": 1,
        "occupancyDescription": "Many seats available",
        "vehiclesInConsist": 2,
        "linkedVehicleIds": "2137,2032",
        "detourId": null,
        "gpsTime": 1722995666000,
        "avlTime": 1722995682186,
        "lastDepot": "caltrain",
        "vehiclePosition": {
            "pathTag": "N_1_var0_16_4509_5239_ar",
            "pathIndex": 191,
            "position": 1708,
            "currentStopTag": "5239_ar",
            "currentStopOrderInTripPattern": 32,
            "atCurrentStop": false,
            "predictionTime": 1722995742268
        },
        "runId": "GRN064",
        "predUsingNavigationTm": false,
        "deadheadingBusYard": null
    },
    {
        "id": "2029",
        "vehicleType": "LRV_LRV",
        "lat": 37.769238,
        "lon": -122.434715,
        "jobTag": "9705_M31",
        "tripTag": "11623576_M31",
        "scheduledAdherenceSec": 225051,
        "scheduledHeadwaySec": 0,
        "heading": 255,
        "kph": 23,
        "secsSinceReport": 114,
        "predictable": true,
        "breakpointing": false,
        "route": {
            "id": "N",
            "name": "N Judah"
        },
        "dir": {
            "id": "N_0_var1",
            "dirName": "Ocean Beach from King St & 4th St",
            "dirNameShort": "Ocean Beach"
        },
        "occupancyStatus": 2,
        "occupancyDescription": "Few seats available",
        "vehiclesInConsist": 2,
        "linkedVehicleIds": "2108,2029",
        "detourId": null,
        "gpsTime": 1722995630000,
        "avlTime": 1722995650806,
        "lastDepot": "caltrain",
        "vehiclePosition": {
            "pathTag": "N_0_var1_8_6996_3912",
            "pathIndex": 167,
            "position": 1624,
            "currentStopTag": "3909",
            "currentStopOrderInTripPattern": 12,
            "atCurrentStop": false,
            "predictionTime": 1722995793149
        },
        "runId": "GRN059",
        "predUsingNavigationTm": false,
        "deadheadingBusYard": null
    },
    {
        "id": "2040",
        "vehicleType": "LRV_LRV",
        "lat": 37.760368,
        "lon": -122.507347,
        "jobTag": "9715_M31",
        "tripTag": "11623656_M31",
        "scheduledAdherenceSec": 0,
        "scheduledHeadwaySec": 0,
        "heading": 265,
        "kph": 0,
        "secsSinceReport": 43,
        "predictable": true,
        "breakpointing": false,
        "route": {
            "id": "N",
            "name": "N Judah"
        },
        "dir": {
            "id": "N_0_var1",
            "dirName": "Ocean Beach from King St & 4th St",
            "dirNameShort": "Ocean Beach"
        },
        "occupancyStatus": 0,
        "occupancyDescription": "Empty",
        "vehiclesInConsist": 2,
        "linkedVehicleIds": "2135,2040",
        "detourId": null,
        "gpsTime": 1722995701000,
        "avlTime": 1722995718312,
        "lastDepot": "caltrain",
        "vehiclePosition": {
            "pathTag": "N_0_var1_14_5224_7219_ar",
            "pathIndex": 142,
            "position": 1028,
            "currentStopTag": "7219_ar",
            "currentStopOrderInTripPattern": 32,
            "atCurrentStop": false,
            "predictionTime": 1722995761966
        },
        "runId": "GRN086",
        "predUsingNavigationTm": false,
        "deadheadingBusYard": null
    },
    {
        "id": "2038",
        "vehicleType": "LRV_LRV",
        "lat": 37.773411,
        "lon": -122.397743,
        "jobTag": "9710_M31",
        "tripTag": "11623565_M31",
        "scheduledAdherenceSec": 0,
        "scheduledHeadwaySec": 0,
        "heading": 219,
        "kph": 0,
        "secsSinceReport": 64,
        "predictable": true,
        "breakpointing": true,
        "route": {
            "id": "N",
            "name": "N Judah"
        },
        "dir": {
            "id": "N_0_var1",
            "dirName": "Ocean Beach from King St & 4th St",
            "dirNameShort": "Ocean Beach"
        },
        "occupancyStatus": 0,
        "occupancyDescription": "Empty",
        "vehiclesInConsist": 2,
        "linkedVehicleIds": "2038,2094",
        "detourId": null,
        "gpsTime": 1722995680000,
        "avlTime": 1722995699369,
        "lastDepot": "caltrain",
        "vehiclePosition": {
            "pathTag": "N_0_var1_1_path_5240",
            "pathIndex": 165,
            "position": 0,
            "currentStopTag": "5240",
            "currentStopOrderInTripPattern": 1,
            "atCurrentStop": false,
            "predictionTime": 1722996840000
        },
        "runId": "GRN104",
        "predUsingNavigationTm": false,
        "deadheadingBusYard": null
    },
    {
        "id": "2048",
        "vehicleType": "LRV_LRV",
        "lat": 37.7603,
        "lon": -122.509247,
        "jobTag": "9709_M31",
        "tripTag": "11623695_M31",
        "scheduledAdherenceSec": 0,
        "scheduledHeadwaySec": 0,
        "heading": 218,
        "kph": 0,
        "secsSinceReport": 23,
        "predictable": true,
        "breakpointing": true,
        "route": {
            "id": "N",
            "name": "N Judah"
        },
        "dir": {
            "id": "N_1_var0",
            "dirName": "Caltrain/Ballpark",
            "dirNameShort": "Caltrain/Ballpark"
        },
        "occupancyStatus": 0,
        "occupancyDescription": "Empty",
        "vehiclesInConsist": 2,
        "linkedVehicleIds": "2072,2048",
        "detourId": null,
        "gpsTime": 1722995721000,
        "avlTime": 1722995741635,
        "lastDepot": "caltrain",
        "vehiclePosition": {
            "pathTag": "N_1_var0_1_path_5223",
            "pathIndex": 172,
            "position": 0,
            "currentStopTag": "5223",
            "currentStopOrderInTripPattern": 1,
            "atCurrentStop": false,
            "predictionTime": 1722996120000
        },
        "runId": "GRN084",
        "predUsingNavigationTm": false,
        "deadheadingBusYard": null
    },
    {
        "id": "2081",
        "vehicleType": "LRV_LRV",
        "lat": 37.763515,
        "lon": -122.466255,
        "jobTag": "9706_M31",
        "tripTag": "11623693_M31",
        "scheduledAdherenceSec": 30455,
        "scheduledHeadwaySec": 0,
        "heading": 345,
        "kph": 3,
        "secsSinceReport": 39,
        "predictable": true,
        "breakpointing": false,
        "route": {
            "id": "N",
            "name": "N Judah"
        },
        "dir": {
            "id": "N_1_var0",
            "dirName": "Caltrain/Ballpark",
            "dirNameShort": "Caltrain/Ballpark"
        },
        "occupancyStatus": 1,
        "occupancyDescription": "Many seats available",
        "vehiclesInConsist": 2,
        "linkedVehicleIds": "2116,2081",
        "detourId": null,
        "gpsTime": 1722995705000,
        "avlTime": 1722995717621,
        "lastDepot": "caltrain",
        "vehiclePosition": {
            "pathTag": "N_1_var0_6_5200_3913",
            "pathIndex": 177,
            "position": 1115,
            "currentStopTag": "7996",
            "currentStopOrderInTripPattern": 16,
            "atCurrentStop": false,
            "predictionTime": 1722995757905
        },
        "runId": "GRN078",
        "predUsingNavigationTm": false,
        "deadheadingBusYard": null
    },
    {
        "id": "2086",
        "vehicleType": "LRV_LRV",
        "lat": 37.773373,
        "lon": -122.397675,
        "jobTag": "9714_M31",
        "tripTag": "11623564_M31",
        "scheduledAdherenceSec": 0,
        "scheduledHeadwaySec": 0,
        "heading": 219,
        "kph": 0,
        "secsSinceReport": 23,
        "predictable": true,
        "breakpointing": true,
        "route": {
            "id": "N",
            "name": "N Judah"
        },
        "dir": {
            "id": "N_0_var1",
            "dirName": "Ocean Beach from King St & 4th St",
            "dirNameShort": "Ocean Beach"
        },
        "occupancyStatus": 0,
        "occupancyDescription": "Empty",
        "vehiclesInConsist": 2,
        "linkedVehicleIds": "2086,2125",
        "detourId": null,
        "gpsTime": 1722995721000,
        "avlTime": 1722995740959,
        "lastDepot": "caltrain",
        "vehiclePosition": {
            "pathTag": "N_0_var1_1_path_5240",
            "pathIndex": 160,
            "position": 0,
            "currentStopTag": "5240",
            "currentStopOrderInTripPattern": 1,
            "atCurrentStop": false,
            "predictionTime": 1722996240000
        },
        "runId": "GRN101",
        "predUsingNavigationTm": false,
        "deadheadingBusYard": null
    },
    {
        "id": "2091",
        "vehicleType": "LRV_LRV",
        "lat": 37.777065,
        "lon": -122.393105,
        "jobTag": "9701_M31",
        "tripTag": "11623562_M31",
        "scheduledAdherenceSec": -9393,
        "scheduledHeadwaySec": 0,
        "heading": 45,
        "kph": 0,
        "secsSinceReport": 70,
        "predictable": true,
        "breakpointing": false,
        "route": {
            "id": "N",
            "name": "N Judah"
        },
        "dir": {
            "id": "N_0_var1",
            "dirName": "Ocean Beach from King St & 4th St",
            "dirNameShort": "Ocean Beach"
        },
        "occupancyStatus": 1,
        "occupancyDescription": "Many seats available",
        "vehiclesInConsist": 2,
        "linkedVehicleIds": "2114,2091",
        "detourId": null,
        "gpsTime": 1722995674000,
        "avlTime": 1722995691728,
        "lastDepot": "caltrain",
        "vehiclePosition": {
            "pathTag": "N_0_var1_2_5240_4510",
            "pathIndex": 194,
            "position": 123,
            "currentStopTag": "5237",
            "currentStopOrderInTripPattern": 2,
            "atCurrentStop": false,
            "predictionTime": 1722995815795
        },
        "runId": "GRN058",
        "predUsingNavigationTm": false,
        "deadheadingBusYard": null
    }
]