[
    {
        "id": "1488",
        "vehicleType": "LRV_LRV",
        "lat": 37.762188,
        "lon": -122.466484,
        "jobTag": "9703_M31",
        "tripTag": "11623575_M31",
        "scheduledAdherenceSec": 226235,
        "scheduledHeadwaySec": 0,
        "heading": 255,
        "kph": 11,
        "secsSinceReport": 73,
        "predictable": true,
        "breakpointing": false,
        "route": {
            "id": "N",
            "name": "N Judah"
        },
        "dir": {
            "id": "N_0_var1",
            "dirName": "Ocean Beach from King St & 4th St",
            "dirNameShort": "Ocean Beach"
        },
        "occupancyStatus": 0,
        "occupancyDescription": "Empty",
        "vehiclesInConsist": 2,
        "linkedVehicleIds": "1498,1488",
        "detourId": null,
        "gpsTime": 1722995793000,
        "avlTime": 1722995811355,
        "lastDepot": "caltrain",
        "vehiclePosition": {
            "pathTag": "N_0_var1_10_3912_5199",
            "pathIndex": 169,
            "position": 1144,
            "currentStopTag": "5193",
            "currentStopOrderInTripPattern": 18,
            "atCurrentStop": true
        },
        "runId": "GRN065",
        "predUsingNavigationTm": false,
        "deadheadingBusYard": null
    },
    {
        "id": "1499",
        "vehicleType": "LRV_LRV",
        "lat": 37.760941,
        "lon": -122.494164,
        "jobTag": "9708_M31",
        "tripTag": "11623694_M31",
        "scheduledAdherenceSec": 120254,
        "scheduledHeadwaySec": 0,
        "heading": 87,
        "kph": 0,
        "secsSinceReport": 77,
        "predictable": true,
        "breakpointing": false,
        "route": {
            "id": "N",
            "name": "N Judah"
        },
        "dir": {
            "id": "N_1_var0",
            "dirName": "Caltrain/Ballpark",
            "dirNameShort": "Caltrain/Ballpark"
        },
        "occupancyStatus": 0,
        "occupancyDescription": "Empty",
        "vehiclesInConsist": 2,
        "linkedVehicleIds": "1542,1499",
        "detourId": null,
        "gpsTime": 1722995789000,
        "avlTime": 1722995810314,
        "lastDepot": "caltrain",
        "vehiclePosition": {
            "pathTag": "N_1_var0_4_5225_5200",
            "pathIndex": 175,
            "position": 144,
            "currentStopTag": "5210",
            "currentStopOrderInTripPattern": 6,
            "atCurrentStop": false
        },
        "runId": "GRN081",
        "predUsingNavigationTm": false,
        "deadheadingBusYard": null
    },
    {
        "id": "1526",
        "vehicleType": "LRV_LRV",
        "lat": 37.769283,
        "lon": -122.4338,
        "jobTag": "9704_M31",
        "tripTag": "11623692_M31",
        "scheduledAdherenceSec": 164225,
        "scheduledHeadwaySec": 0,
        "heading": 75,
        "kph": 6,
        "secsSinceReport": 18,
        "predictable": true,
        "breakpointing": false,
        "route": {
            "id": "N",
            "name": "N Judah"
        },
        "dir": {
            "id": "N_1_var0",
            "dirName": "Caltrain/Ballpark",
            "dirNameShort": "Caltrain/Ballpark"
        },
        "occupancyStatus": 0,
        "occupancyDescription": "Empty",
        "vehiclesInConsist": 2,
        "linkedVehicleIds": "1535,1526",
        "detourId": null,
        "gpsTime": 1722995848000,
        "avlTime": 1722995861086,
        "lastDepot": "caltrain",
        "vehiclePosition": {
            "pathTag": "N_1_var0_8_3913_4448",
            "pathIndex": 183,
            "position": 2144,
            "currentStopTag": "4448",
            "currentStopOrderInTripPattern": 23,
            "atCurrentStop": false,
            "predictionTime": 1722995981000
        },
        "runId": "GRN066",
        "predUsingNavigationTm": false,
        "deadheadingBusYard": null
    },
    {
        "id": "2008",
        "vehicleType": "LRV_LRV",
        "lat": 37.770363,
        "lon": -122.425392,
        "jobTag": "9713_M31",
        "tripTag": "11623578_M31",
        "scheduledAdherenceSec": 173326,
        "scheduledHeadwaySec": 0,
        "heading": 225,
        "kph": 35,
        "secsSinceReport": 21,
        "predictable": true,
        "breakpointing": false,
        "route": {
            "id": "N",
            "name": "N Judah"
        },
        "dir": {
            "id": "N_0_var1",
            "dirName": "Ocean Beach from King St & 4th St",
            "dirNameShort": "Ocean Beach"
        },
        "occupancyStatus": 3,
        "occupancyDescription": "Standing room only",
        "vehiclesInConsist": 2,
        "linkedVehicleIds": "2008,2056",
        "detourId": null,
        "gpsTime": 1722995845000,
        "avlTime": 1722995861182,
        "lastDepot": "caltrain",
        "vehiclePosition": {
            "pathTag": "N_0_var1_8_6996_3912",
            "pathIndex": 170,
            "position": 758,
            "currentStopTag": "4447",
            "currentStopOrderInTripPattern": 10,
            "atCurrentStop": false,
            "predictionTime": 1722995989880
        },
        "runId": "GRN096",
        "predUsingNavigationTm": false,
        "deadheadingBusYard": null
    },
    {
        "id": "2021",
        "vehicleType": "LRV_LRV",
        "lat": 37.789421,
        "lon": -122.401329,
        "jobTag": "9707_M31",
        "tripTag": "11623563_M31",
        "scheduledAdherenceSec": -49234,
        "scheduledHeadwaySec": 0,
        "heading": 225,
        "kph": 35,
        "secsSinceReport": 23,
        "predictable": true,
        "breakpointing": false,
        "route": {
            "id": "N",
            "name": "N Judah"
        },
        "dir": {
            "id": "N_0_var1",
            "dirName": "Ocean Beach from King St & 4th St",
            "dirNameShort": "Ocean Beach"
        },
        "occupancyStatus": 2,
        "occupancyDescription": "Few seats available",
        "vehiclesInConsist": 2,
        "linkedVehicleIds": "2138,2021",
        "detourId": null,
        "gpsTime": 1722995843000,
        "avlTime": 1722995862138,
        "lastDepot": "caltrain",
        "vehiclePosition": {
            "pathTag": "N_0_var1_6_7217_6996",
            "pathIndex": 165,
            "position": 501,
            "currentStopTag": "6994",
            "currentStopOrderInTripPattern": 6,
            "atCurrentStop": false,
            "predictionTime": 1722995862887
        },
        "runId": "GRN098",
        "predUsingNavigationTm": false,
        "deadheadingBusYard": null
    },
    {
        "id": "2018",
        "vehicleType": "LRV_LRV",
        "lat": 37.789646,
        "lon": -122.388649,
        "jobTag": "9712_M31",
        "tripTag": "11623784_M31",
        "scheduledAdherenceSec": -74277,
        "scheduledHeadwaySec": 0,
        "heading": 135,
        "kph": 24,
        "secsSinceReport": 29,
        "predictable": true,
        "breakpointing": false,
        "route": {
            "id": "N",
            "name": "N Judah"
        },
        "dir": {
            "id": "N_1_var0",
            "dirName": "Caltrain/Ballpark",
            "dirNameShort": "Caltrain/Ballpark"
        },
        "occupancyStatus": 1,
        "occupancyDescription": "Many seats available",
        "vehiclesInConsist": 2,
        "linkedVehicleIds": "2018,2133",
        "detourId": null,
        "gpsTime": 1722995837000,
        "avlTime": 1722995849443,
        "lastDepot": "caltrain",
        "vehiclePosition": {
            "pathTag": "N_1_var0_16_4509_5239_ar",
            "pathIndex": 158,
            "position": 130,
            "currentStopTag": "4506",
            "currentStopOrderInTripPattern": 30,
            "atCurrentStop": false,
            "predictionTime": 1722995949670
        },
        "runId": "GRN075",
        "predUsingNavigationTm": false,
        "deadheadingBusYard": null
    },
    {
        "id": "2015",
        "vehicleType": "LRV_LRV",
        "lat": 37.760773,
        "lon": -122.499084,
        "jobTag": "9711_M31",
        "tripTag": "11623574_M31",
        "scheduledAdherenceSec": 71866,
        "scheduledHeadwaySec": 0,
        "heading": 267,
        "kph": 0,
        "secsSinceReport": 29,
        "predictable": true,
        "breakpointing": false,
        "route": {
            "id": "N",
            "name": "N Judah"
        },
        "dir": {
            "id": "N_0_var1",
            "dirName": "Ocean Beach from King St & 4th St",
            "dirNameShort": "Ocean Beach"
        },
        "occupancyStatus": 1,
        "occupancyDescription": "Many seats available",
        "vehiclesInConsist": 2,
        "linkedVehicleIds": "2016,2015",
        "detourId": null,
        "gpsTime": 1722995837000,
        "avlTime": 1722995848523,
        "lastDepot": "caltrain",
        "vehiclePosition": {
            "pathTag": "N_0_var1_14_5224_7219_ar",
            "pathIndex": 174,
            "position": 301,
            "currentStopTag": "5211",
            "currentStopOrderInTripPattern": 29,
            "atCurrentStop": true
        },
        "runId": "GRN090",
        "predUsingNavigationTm": false,
        "deadheadingBusYard": null
    },
    {
        "id": "2032",
        "vehicleType": "LRV_LRV",
        "lat": 37.7761,
        "lon": -122.394379,
        "jobTag": "9702_M31",
        "tripTag": "11623783_M31",
        "scheduledAdherenceSec": 0,
        "scheduledHeadwaySec": 0,
        "heading": 219,
        "kph": 0,
        "secsSinceReport": 20,
        "predictable": true,
        "breakpointing": false,
        "route": {
            "id": "N",
            "name": "N Judah"
        },
        "dir": {
            "id": "N_0_var1",
            "dirName": "Ocean Beach from King St & 4th St",
            "dirNameShort": "Ocean Beach"
        },
        "occupancyStatus": 1,
        "occupancyDescription": "Many seats available",
        "vehiclesInConsist": 2,
        "linkedVehicleIds": "2137,2032",
        "detourId": null,
        "gpsTime": 1722995846000,
        "avlTime": 1722995862320,
        "lastDepot": "caltrain",
        "vehiclePosition": {
            "pathTag": "N_1_var0_17_path_5239_ar",
            "pathIndex": 192,
            "position": 1,
            "currentStopTag": "5239_ar",
            "currentStopOrderInTripPattern": 32,
            "atCurrentStop": true
        },
        "runId": "GRN064",
        "predUsingNavigationTm": false,
        "deadheadingBusYard": null
    },
    {
        "id": "2029",
        "vehicleType": "LRV_LRV",
        "lat": 37.765896,
        "lon": -122.449577,
        "jobTag": "9705_M31",
        "tripTag": "11623576_M31",
        "scheduledAdherenceSec": 251552,
        "scheduledHeadwaySec": 0,
        "heading": 256,
        "kph": 0,
        "secsSinceReport": 69,
        "predictable": true,
        "breakpointing": false,
        "route": {
            "id": "N",
            "name": "N Judah"
        },
        "dir": {
            "id": "N_0_var1",
            "dirName": "Ocean Beach from King St & 4th St",
            "dirNameShort": "Ocean Beach"
        },
        "occupancyStatus": 2,
        "occupancyDescription": "Few seats available",
        "vehiclesInConsist": 2,
        "linkedVehicleIds": "2108,2029",
        "detourId": null,
        "gpsTime": 1722995797000,
        "avlTime": 1722995812197,
        "lastDepot": "caltrain",
        "vehiclePosition": {
            "pathTag": "N_0_var1_8_6996_3912",
            "pathIndex": 167,
            "position": 2992,
            "currentStopTag": "3909",
            "currentStopOrderInTripPattern": 12,
            "atCurrentStop": true
        },
        "runId": "GRN059",
        "predUsingNavigationTm": false,
        "deadheadingBusYard": null
    },
    {
        "id": "2040",
        "vehicleType": "LRV_LRV",
        "lat": 37.760368,
        "lon": -122.507347,
        "jobTag": "9715_M31",
        "tripTag": "11623656_M31",
        "scheduledAdherenceSec": 0,
        "scheduledHeadwaySec": 0,
        "heading": 265,
        "kph": 0,
        "secsSinceReport": 45,
        "predictable": true,
        "breakpointing": false,
        "route": {
            "id": "N",
            "name": "N Judah"
        },
        "dir": {
            "id": "N_0_var1",
            "dirName": "Ocean Beach from King St & 4th St",
            "dirNameShort": "Ocean Beach"
        },
        "occupancyStatus": 0,
        "occupancyDescription": "Empty",
        "vehiclesInConsist": 2,
        "linkedVehicleIds": "2135,2040",
        "detourId": null,
        "gpsTime": 1722995821000,
        "avlTime": 1722995839483,
        "lastDepot": "caltrain",
        "vehiclePosition": {
            "pathTag": "N_0_var1_14_5224_7219_ar",
            "pathIndex": 142,
            "position": 1028,
            "currentStopTag": "7219_ar",
            "currentStopOrderInTripPattern": 32,
            "atCurrentStop": false,
            "predictionTime": 1722995881966
        },
        "runId": "GRN086",
        "predUsingNavigationTm": false,
        "deadheadingBusYard": null
    },
    {
        "id": "2038",
        "vehicleType": "LRV_LRV",
        "lat": 37.773411,
        "lon": -122.397743,
        "jobTag": "9710_M31",
        "tripTag": "11623565_M31",
        "scheduledAdherenceSec": 0,
        "scheduledHeadwaySec": 0,
        "heading": 219,
        "kph": 0,
        "secsSinceReport": 66,
        "predictable": true,
        "breakpointing": true,
        "route": {
            "id": "N",
            "name": "N Judah"
        },
        "dir": {
            "id": "N_0_var1",
            "dirName": "Ocean Beach from King St & 4th St",
            "dirNameShort": "Ocean Beach"
        },
        "occupancyStatus": 0,
        "occupancyDescription": "Empty",
        "vehiclesInConsist": 2,
        "linkedVehicleIds": "2038,2094",
        "detourId": null,
        "gpsTime": 1722995800000,
        "avlTime": 1722995819341,
        "lastDepot": "caltrain",
        "vehiclePosition": {
            "pathTag": "N_0_var1_1_path_5240",
            "pathIndex": 165,
            "position": 0,
            "currentStopTag": "5240",
            "currentStopOrderInTripPattern": 1,
            "atCurrentStop": false,
            "predictionTime": 1722996840000
        },
        "runId": "GRN104",
        "predUsingNavigationTm": false,
        "deadheadingBusYard": null
    },
    {
        "id": "2048",
        "vehicleType": "LRV_LRV",
        "lat": 37.7603,
        "lon": -122.509247,
        "jobTag": "9709_M31",
        "tripTag": "11623695_M31",
        "scheduledAdherenceSec": 0,
        "scheduledHeadwaySec": 0,
        "heading": 218,
        "kph": 0,
        "secsSinceReport": 25,
        "predictable": true,
        "breakpointing": true,
        "route": {
            "id": "N",
            "name": "N Judah"
        },
        "dir": {
            "id": "N_1_var0",
            "dirName": "Caltrain/Ballpark",
            "dirNameShort": "Caltrain/Ballpark"
        },
        "occupancyStatus": 0,
        "occupancyDescription": "Empty",
        "vehiclesInConsist": 2,
        "linkedVehicleIds": "2072,2048",
        "detourId": null,
        "gpsTime": 1722995841000,
        "avlTime": 1722995861947,
        "lastDepot": "caltrain",
        "vehiclePosition": {
            "pathTag": "N_1_var0_1_path_5223",
            "pathIndex": 172,
            "position": 0,
            "currentStopTag": "5223",
            "currentStopOrderInTripPattern": 1,
            "atCurrentStop": false,
            "predictionTime": 1722996120000
        },
        "runId": "GRN084",
        "predUsingNavigationTm": false,
        "deadheadingBusYard": null
    },
    {
        "id": "2081",
        "vehicleType": "LRV_LRV",
        "lat": 37.764206,
        "lon": -122.46225,
        "jobTag": "9706_M31",
        "tripTag": "11623693_M31",
        "scheduledAdherenceSec": 2275,
        "scheduledHeadwaySec": 0,
        "heading": 89,
        "kph": 0,
        "secsSinceReport": 42,
        "predictable": true,
        "breakpointing": false,
        "route": {
            "id": "N",
            "name": "N Judah"
        },
        "dir": {
            "id": "N_1_var0",
            "dirName": "Caltrain/Ballpark",
            "dirNameShort": "Caltrain/Ballpark"
        },
        "occupancyStatus": 1,
        "occupancyDescription": "Many seats available",
        "vehiclesInConsist": 2,
        "linkedVehicleIds": "2116,2081",
        "detourId": null,
        "gpsTime": 1722995824000,
        "avlTime": 1722995838837,
        "lastDepot": "caltrain",
        "vehiclePosition": {
            "pathTag": "N_1_var0_6_5200_3913",
            "pathIndex": 177,
            "position": 1534,
            "currentStopTag": "8031",
            "currentStopOrderInTripPattern": 17,
            "atCurrentStop": true
        },
        "runId": "GRN078",
        "predUsingNavigationTm": false,
        "deadheadingBusYard": null
    },
    {
        "id": "2086",
        "vehicleType": "LRV_LRV",
        "lat": 37.773373,
        "lon": -122.397675,
        "jobTag": "9714_M31",
        "tripTag": "11623564_M31",
        "scheduledAdherenceSec": 0,
        "scheduledHeadwaySec": 0,
        "heading": 219,
        "kph": 0,
        "secsSinceReport": 25,
        "predictable": true,
        "breakpointing": true,
        "route": {
            "id": "N",
            "name": "N Judah"
        },
        "dir": {
            "id": "N_0_var1",
            "dirName": "Ocean Beach from King St & 4th St",
            "dirNameShort": "Ocean Beach"
        },
        "occupancyStatus": 0,
        "occupancyDescription": "Empty",
        "vehiclesInConsist": 2,
        "linkedVehicleIds": "2086,2125",
        "detourId": null,
        "gpsTime": 1722995841000,
        "avlTime": 1722995861424,
        "lastDepot": "caltrain",
        "vehiclePosition": {
            "pathTag": "N_0_var1_1_path_5240",
            "pathIndex": 160,
            "position": 0,
            "currentStopTag": "5240",
            "currentStopOrderInTripPattern": 1,
            "atCurrentStop": false,
            "predictionTime": 1722996240000
        },
        "runId": "GRN101",
        "predUsingNavigationTm": false,
        "deadheadingBusYard": null
    },
    {
        "id": "2091",
        "vehicleType": "LRV_LRV",
        "lat": 37.779469,
        "lon": -122.389977,
        "jobTag": "9701_M31",
        "tripTag": "11623562_M31",
        "scheduledAdherenceSec": -24555,
        "scheduledHeadwaySec": 0,
        "heading": 45,
        "kph": 5,
        "secsSinceReport": 72,
        "predictable": true,
        "breakpointing": false,
        "route": {
            "id": "N",
            "name": "N Judah"
        },
        "dir": {
            "id": "N_0_var1",
            "dirName": "Ocean Beach from King St & 4th St",
            "dirNameShort": "Ocean Beach"
        },
        "occupancyStatus": 1,
        "occupancyDescription": "Many seats available",
        "vehiclesInConsist": 2,
        "linkedVehicleIds": "2114,2091",
        "detourId": null,
        "gpsTime": 1722995794000,
        "avlTime": 1722995811832,
        "lastDepot": "caltrain",
        "vehiclePosition": {
            "pathTag": "N_0_var1_2_5240_4510",
            "pathIndex": 194,
            "position": 506,
            "currentStopTag": "5237",
            "currentStopOrderInTripPattern": 2,
            "atCurrentStop": true
        },
        "runId": "GRN058",
        "predUsingNavigationTm": false,
        "deadheadingBusYard": null
    }
]