[
    {
        "id": "1488",
        "vehicleType": "LRV_LRV",
        "lat": 37.762039,
        "lon": -122.469986,
        "jobTag": "9703_M31",
        "tripTag": "11623575_M31",
        "scheduledAdherenceSec": 230385,
        "scheduledHeadwaySec": 0,
        "heading": 271,
        "kph": 0,
        "secsSinceReport": 70,
        "predictable": true,
        "breakpointing": false,
        "route": {
            "id": "N",
            "name": "N Judah"
        },
        "dir": {
            "id": "N_0_var1",
            "dirName": "Ocean Beach from King St & 4th St",
            "dirNameShort": "Ocean Beach"
        },
        "occupancyStatus": 0,
        "occupancyDescription": "Empty",
        "vehiclesInConsist": 2,
        "linkedVehicleIds": "1498,1488",
        "detourId": null,
        "gpsTime": 1722995913000,
        "avlTime": 1722995932340,
        "lastDepot": "caltrain",
        "vehiclePosition": {
            "pathTag": "N_0_var1_10_3912_5199",
            "pathIndex": 169,
            "position": 1457,
            "currentStopTag": "5219",
            "currentStopOrderInTripPattern": 20,
            "atCurrentStop": false
        },
        "runId": "GRN065",
        "predUsingNavigationTm": false,
        "deadheadingBusYard": null
    },
    {
        "id": "1499",
        "vehicleType": "LRV_LRV",
        "lat": 37.760941,
        "lon": -122.494164,
        "jobTag": "9708_M31",
        "tripTag": "11623694_M31",
        "scheduledAdherenceSec": 120254,
        "scheduledHeadwaySec": 0,
        "heading": 87,
        "kph": 0,
        "secsSinceReport": 194,
        "predictable": true,
        "breakpointing": false,
        "route": {
            "id": "N",
            "name": "N Judah"
        },
        "dir": {
            "id": "N_1_var0",
            "dirName": "Caltrain/Ballpark",
            "dirNameShort": "Caltrain/Ballpark"
        },
        "occupancyStatus": 0,
        "occupancyDescription": "Empty",
        "vehiclesInConsist": 2,
        "linkedVehicleIds": "1542,1499",
        "detourId": null,
        "gpsTime": 1722995789000,
        "avlTime": 1722995810314,
        "lastDepot": "caltrain",
        "vehiclePosition": {
            "pathTag": "N_1_var0_4_5225_5200",
            "pathIndex": 175,
            "position": 144,
            "currentStopTag": "5210",
            "currentStopOrderInTripPattern": 6,
            "atCurrentStop": false
        },
        "runId": "GRN081",
        "predUsingNavigationTm": false,
        "deadheadingBusYard": null
    },
    {
        "id": "1526",
        "vehicleType": "LRV_LRV",
        "lat": 37.769371,
        "lon": -122.430458,
        "jobTag": "9704_M31",
        "tripTag": "11623692_M31",
        "scheduledAdherenceSec": 204711,
        "scheduledHeadwaySec": 0,
        "heading": 75,
        "kph": 10,
        "secsSinceReport": 15,
        "predictable": true,
        "breakpointing": false,
        "route": {
            "id": "N",
            "name": "N Judah"
        },
        "dir": {
            "id": "N_1_var0",
            "dirName": "Caltrain/Ballpark",
            "dirNameShort": "Caltrain/Ballpark"
        },
        "occupancyStatus": 0,
        "occupancyDescription": "Empty",
        "vehiclesInConsist": 2,
        "linkedVehicleIds": "1535,1526",
        "detourId": null,
        "gpsTime": 1722995968000,
        "avlTime": 1722995980335,
        "lastDepot": "caltrain",
        "vehiclePosition": {
            "pathTag": "N_1_var0_8_3913_4448",
            "pathIndex": 183,
            "position": 2370,
            "currentStopTag": "4448",
            "currentStopOrderInTripPattern": 23,
            "atCurrentStop": false,
            "predictionTime": 1722996021416
        },
        "runId": "GRN066",
        "predUsingNavigationTm": false,
        "deadheadingBusYard": null
    },
    {
        "id": "2008",
        "vehicleType": "LRV_LRV",
        "lat": 37.769493,
        "lon": -122.428467,
        "jobTag": "9713_M31",
        "tripTag": "11623578_M31",
        "scheduledAdherenceSec": 199344,
        "scheduledHeadwaySec": 0,
        "heading": 255,
        "kph": 5,
        "secsSinceReport": 20,
        "predictable": true,
        "breakpointing": false,
        "route": {
            "id": "N",
            "name": "N Judah"
        },
        "dir": {
            "id": "N_0_var1",
            "dirName": "Ocean Beach from King St & 4th St",
            "dirNameShort": "Ocean Beach"
        },
        "occupancyStatus": 3,
        "occupancyDescription": "Standing room only",
        "vehiclesInConsist": 2,
        "linkedVehicleIds": "2008,2056",
        "detourId": null,
        "gpsTime": 1722995963000,
        "avlTime": 1722995980430,
        "lastDepot": "caltrain",
        "vehiclePosition": {
            "pathTag": "N_0_var1_8_6996_3912",
            "pathIndex": 170,
            "position": 1064,
            "currentStopTag": "4447",
            "currentStopOrderInTripPattern": 10,
            "atCurrentStop": false,
            "predictionTime": 1722996008840
        },
        "runId": "GRN096",
        "predUsingNavigationTm": false,
        "deadheadingBusYard": null
    },
    {
        "id": "2021",
        "vehicleType": "LRV_LRV",
        "lat": 37.784294,
        "lon": -122.407822,
        "jobTag": "9707_M31",
        "tripTag": "11623563_M31",
        "scheduledAdherenceSec": -12910,
        "scheduledHeadwaySec": 0,
        "heading": 224,
        "kph": 0,
        "secsSinceReport": 20,
        "predictable": true,
        "breakpointing": false,
        "route": {
            "id": "N",
            "name": "N Judah"
        },
        "dir": {
            "id": "N_0_var1",
            "dirName": "Ocean Beach from King St & 4th St",
            "dirNameShort": "Ocean Beach"
        },
        "occupancyStatus": 2,
        "occupancyDescription": "Few seats available",
        "vehiclesInConsist": 2,
        "linkedVehicleIds": "2138,2021",
        "detourId": null,
        "gpsTime": 1722995963000,
        "avlTime": 1722995981488,
        "lastDepot": "caltrain",
        "vehiclePosition": {
            "pathTag": "N_0_var1_6_7217_6996",
            "pathIndex": 165,
            "position": 1307,
            "currentStopTag": "6995",
            "currentStopOrderInTripPattern": 7,
            "atCurrentStop": true
        },
        "runId": "GRN098",
        "predUsingNavigationTm": false,
        "deadheadingBusYard": null
    },
    {
        "id": "2018",
        "vehicleType": "LRV_LRV",
        "lat": 37.783634,
        "lon": -122.388206,
        "jobTag": "9712_M31",
        "tripTag": "11623784_M31",
        "scheduledAdherenceSec": -118372,
        "scheduledHeadwaySec": 0,
        "heading": 183,
        "kph": 0,
        "secsSinceReport": 48,
        "predictable": true,
        "breakpointing": false,
        "route": {
            "id": "N",
            "name": "N Judah"
        },
        "dir": {
            "id": "N_1_var0",
            "dirName": "Caltrain/Ballpark",
            "dirNameShort": "Caltrain/Ballpark"
        },
        "occupancyStatus": 1,
        "occupancyDescription": "Many seats available",
        "vehiclesInConsist": 2,
        "linkedVehicleIds": "2018,2133",
        "detourId": null,
        "gpsTime": 1722995935000,
        "avlTime": 1722995952023,
        "lastDepot": "caltrain",
        "vehiclePosition": {
            "pathTag": "N_1_var0_16_4509_5239_ar",
            "pathIndex": 158,
            "position": 819,
            "currentStopTag": "5234",
            "currentStopOrderInTripPattern": 31,
            "atCurrentStop": false,
            "predictionTime": 1722996046061
        },
        "runId": "GRN075",
        "predUsingNavigationTm": false,
        "deadheadingBusYard": null
    },
    {
        "id": "2015",
        "vehicleType": "LRV_LRV",
        "lat": 37.76059,
        "lon": -122.503082,
        "jobTag": "9711_M31",
        "tripTag": "11623574_M31",
        "scheduledAdherenceSec": 112672,
        "scheduledHeadwaySec": 0,
        "heading": 255,
        "kph": 32,
        "secsSinceReport": 26,
        "predictable": true,
        "breakpointing": false,
        "route": {
            "id": "N",
            "name": "N Judah"
        },
        "dir": {
            "id": "N_0_var1",
            "dirName": "Ocean Beach from King St & 4th St",
            "dirNameShort": "Ocean Beach"
        },
        "occupancyStatus": 1,
        "occupancyDescription": "Many seats available",
        "vehiclesInConsist": 2,
        "linkedVehicleIds": "2016,2015",
        "detourId": null,
        "gpsTime": 1722995957000,
        "avlTime": 1722995972620,
        "lastDepot": "caltrain",
        "vehiclePosition": {
            "pathTag": "N_0_var1_14_5224_7219_ar",
            "pathIndex": 174,
            "position": 653,
            "currentStopTag": "5215",
            "currentStopOrderInTripPattern": 31,
            "atCurrentStop": false,
            "predictionTime": 1722996024935
        },
        "runId": "GRN090",
        "predUsingNavigationTm": false,
        "deadheadingBusYard": null
    },
    {
        "id": "2032",
        "vehicleType": "LRV_LRV",
        "lat": 37.774494,
        "lon": -122.396446,
        "jobTag": "9702_M31",
        "tripTag": "11623660_M31",
        "scheduledAdherenceSec": 0,
        "scheduledHeadwaySec": 0,
        "heading": 219,
        "kph": 0,
        "secsSinceReport": 17,
        "predictable": true,
        "breakpointing": true,
        "route": {
            "id": "N",
            "name": "N Judah"
        },
        "dir": {
            "id": "N_0_var1",
            "dirName": "Ocean Beach from King St & 4th St",
            "dirNameShort": "Ocean Beach"
        },
        "occupancyStatus": 0,
        "occupancyDescription": "Empty",
        "vehiclesInConsist": 2,
        "linkedVehicleIds": "2137,2032",
        "detourId": null,
        "gpsTime": 1722995966000,
        "avlTime": 1722995981577,
        "lastDepot": "caltrain",
        "vehiclePosition": {
            "pathTag": "N_0_var1_1_path_5240",
            "pathIndex": 193,
            "position": 0,
            "currentStopTag": "5240",
            "currentStopOrderInTripPattern": 1,
            "atCurrentStop": false,
            "predictionTime": 1722997440000
        },
        "runId": "GRN064",
        "predUsingNavigationTm": false,
        "deadheadingBusYard": null
    },
    {
        "id": "2029",
        "vehicleType": "LRV_LRV",
        "lat": 37.765022,
        "lon": -122.456245,
        "jobTag": "9705_M31",
        "tripTag": "11623576_M31",
        "scheduledAdherenceSec": 223853,
        "scheduledHeadwaySec": 0,
        "heading": 255,
        "kph": 8,
        "secsSinceReport": 66,
        "predictable": true,
        "breakpointing": false,
        "route": {
            "id": "N",
            "name": "N Judah"
        },
        "dir": {
            "id": "N_0_var1",
            "dirName": "Ocean Beach from King St & 4th St",
            "dirNameShort": "Ocean Beach"
        },
        "occupancyStatus": 2,
        "occupancyDescription": "Few seats available",
        "vehiclesInConsist": 2,
        "linkedVehicleIds": "2108,2029",
        "detourId": null,
        "gpsTime": 1722995917000,
        "avlTime": 1722995932974,
        "lastDepot": "caltrain",
        "vehiclePosition": {
            "pathTag": "N_0_var1_8_6996_3912",
            "pathIndex": 167,
            "position": 3588,
            "currentStopTag": "3912",
            "currentStopOrderInTripPattern": 14,
            "atCurrentStop": true
        },
        "runId": "GRN059",
        "predUsingNavigationTm": false,
        "deadheadingBusYard": null
    },
    {
        "id": "2040",
        "vehicleType": "LRV_LRV",
        "lat": 37.760368,
        "lon": -122.507347,
        "jobTag": "9715_M31",
        "tripTag": "11623656_M31",
        "scheduledAdherenceSec": 0,
        "scheduledHeadwaySec": 0,
        "heading": 265,
        "kph": 0,
        "secsSinceReport": 42,
        "predictable": true,
        "breakpointing": false,
        "route": {
            "id": "N",
            "name": "N Judah"
        },
        "dir": {
            "id": "N_0_var1",
            "dirName": "Ocean Beach from King St & 4th St",
            "dirNameShort": "Ocean Beach"
        },
        "occupancyStatus": 0,
        "occupancyDescription": "Empty",
        "vehiclesInConsist": 2,
        "linkedVehicleIds": "2135,2040",
        "detourId": null,
        "gpsTime": 1722995941000,
        "avlTime": 1722995960662,
        "lastDepot": "caltrain",
        "vehiclePosition": {
            "pathTag": "N_0_var1_14_5224_7219_ar",
            "pathIndex": 142,
            "position": 1028,
            "currentStopTag": "7219_ar",
            "currentStopOrderInTripPattern": 32,
            "atCurrentStop": false,
            "predictionTime": 1722996001716
        },
        "runId": "GRN086",
        "predUsingNavigationTm": false,
        "deadheadingBusYard": null
    },
    {
        "id": "2038",
        "vehicleType": "LRV_LRV",
        "lat": 37.773411,
        "lon": -122.397743,
        "jobTag": "9710_M31",
        "tripTag": "11623565_M31",
        "scheduledAdherenceSec": 0,
        "scheduledHeadwaySec": 0,
        "heading": 219,
        "kph": 0,
        "secsSinceReport": 63,
        "predictable": true,
        "breakpointing": true,
        "route": {
            "id": "N",
            "name": "N Judah"
        },
        "dir": {
            "id": "N_0_var1",
            "dirName": "Ocean Beach from King St & 4th St",
            "dirNameShort": "Ocean Beach"
        },
        "occupancyStatus": 0,
        "occupancyDescription": "Empty",
        "vehiclesInConsist": 2,
        "linkedVehicleIds": "2038,2094",
        "detourId": null,
        "gpsTime": 1722995920000,
        "avlTime": 1722995940974,
        "lastDepot": "caltrain",
        "vehiclePosition": {
            "pathTag": "N_0_var1_1_path_5240",
            "pathIndex": 165,
            "position": 0,
            "currentStopTag": "5240",
            "currentStopOrderInTripPattern": 1,
            "atCurrentStop": false,
            "predictionTime": 1722996840000
        },
        "runId": "GRN104",
        "predUsingNavigationTm": false,
        "deadheadingBusYard": null
    },
    {
        "id": "2048",
        "vehicleType": "LRV_LRV",
        "lat": 37.7603,
        "lon": -122.509247,
        "jobTag": "9709_M31",
        "tripTag": "11623695_M31",
        "scheduledAdherenceSec": 0,
        "scheduledHeadwaySec": 0,
        "heading": 218,
        "kph": 0,
        "secsSinceReport": 22,
        "predictable": true,
        "breakpointing": true,
        "route": {
            "id": "N",
            "name": "N Judah"
        },
        "dir": {
            "id": "N_1_var0",
            "dirName": "Caltrain/Ballpark",
            "dirNameShort": "Caltrain/Ballpark"
        },
        "occupancyStatus": 0,
        "occupancyDescription": "Empty",
        "vehiclesInConsist": 2,
        "linkedVehicleIds": "2072,2048",
        "detourId": null,
        "gpsTime": 1722995961000,
        "avlTime": 1722995981306,
        "lastDepot": "caltrain",
        "vehiclePosition": {
            "pathTag": "N_1_var0_1_path_5223",
            "pathIndex": 172,
            "position": 0,
            "currentStopTag": "5223",
            "currentStopOrderInTripPattern": 1,
            "atCurrentStop": false,
            "predictionTime": 1722996120000
        },
        "runId": "GRN084",
        "predUsingNavigationTm": false,
        "deadheadingBusYard": null
    },
    {
        "id": "2081",
        "vehicleType": "LRV_LRV",
        "lat": 37.764824,
        "lon": -122.457497,
        "jobTag": "9706_M31",
        "tripTag": "11623693_M31",
        "scheduledAdherenceSec": -25122,
        "scheduledHeadwaySec": 0,
        "heading": 75,
        "kph": 13,
        "secsSinceReport": 39,
        "predictable": true,
        "breakpointing": false,
        "route": {
            "id": "N",
            "name": "N Judah"
        },
        "dir": {
            "id": "N_1_var0",
            "dirName": "Caltrain/Ballpark",
            "dirNameShort": "Caltrain/Ballpark"
        },
        "occupancyStatus": 1,
        "occupancyDescription": "Many seats available",
        "vehiclesInConsist": 2,
        "linkedVehicleIds": "2116,2081",
        "detourId": null,
        "gpsTime": 1722995944000,
        "avlTime": 1722995960004,
        "lastDepot": "caltrain",
        "vehiclePosition": {
            "pathTag": "N_1_var0_6_5200_3913",
            "pathIndex": 177,
            "position": 1994,
            "currentStopTag": "3913",
            "currentStopOrderInTripPattern": 19,
            "atCurrentStop": false,
            "predictionTime": 1722995973583
        },
        "runId": "GRN078",
        "predUsingNavigationTm": false,
        "deadheadingBusYard": null
    },
    {
        "id": "2086",
        "vehicleType": "LRV_LRV",
        "lat": 37.773373,
        "lon": -122.397675,
        "jobTag": "9714_M31",
        "tripTag": "11623564_M31",
        "scheduledAdherenceSec": 0,
        "scheduledHeadwaySec": 0,
        "heading": 219,
        "kph": 0,
        "secsSinceReport": 22,
        "predictable": true,
        "breakpointing": true,
        "route": {
            "id": "N",
            "name": "N Judah"
        },
        "dir": {
            "id": "N_0_var1",
            "dirName": "Ocean Beach from King St & 4th St",
            "dirNameShort": "Ocean Beach"
        },
        "occupancyStatus": 0,
        "occupancyDescription": "Empty",
        "vehiclesInConsist": 2,
        "linkedVehicleIds": "2086,2125",
        "detourId": null,
        "gpsTime": 1722995961000,
        "avlTime": 1722995980700,
        "lastDepot": "caltrain",
        "vehiclePosition": {
            "pathTag": "N_0_var1_1_path_5240",
            "pathIndex": 160,
            "position": 0,
            "currentStopTag": "5240",
            "currentStopOrderInTripPattern": 1,
            "atCurrentStop": false,
            "predictionTime": 1722996240000
        },
        "runId": "GRN101",
        "predUsingNavigationTm": false,
        "deadheadingBusYard": null
    },
    {
        "id": "2091",
        "vehicleType": "LRV_LRV",
        "lat": 37.78384,
        "lon": -122.388084,
        "jobTag": "9701_M31",
        "tripTag": "11623562_M31",
        "scheduledAdherenceSec": -22758,
        "scheduledHeadwaySec": 0,
        "heading": 6,
        "kph": 0,
        "secsSinceReport": 69,
        "predictable": true,
        "breakpointing": false,
        "route": {
            "id": "N",
            "name": "N Judah"
        },
        "dir": {
            "id": "N_0_var1",
            "dirName": "Ocean Beach from King St & 4th St",
            "dirNameShort": "Ocean Beach"
        },
        "occupancyStatus": 1,
        "occupancyDescription": "Many seats available",
        "vehiclesInConsist": 2,
        "linkedVehicleIds": "2114,2091",
        "detourId": null,
        "gpsTime": 1722995914000,
        "avlTime": 1722995932708,
        "lastDepot": "caltrain",
        "vehiclePosition": {
            "pathTag": "N_0_var1_2_5240_4510",
            "pathIndex": 194,
            "position": 1042,
            "currentStopTag": "7145",
            "currentStopOrderInTripPattern": 3,
            "atCurrentStop": false,
            "predictionTime": 1722995937754
        },
        "runId": "GRN058",
        "predUsingNavigationTm": false,
        "deadheadingBusYard": null
    }
]