[
    {
        "id": "1488",
        "vehicleType": "LRV_LRV",
        "lat": 37.761749,
        "lon": -122.476501,
        "jobTag": "9703_M31",
        "tripTag": "11623575_M31",
        "scheduledAdherenceSec": 228574,
        "scheduledHeadwaySec": 0,
        "heading": 265,
        "kph": 0,
        "secsSinceReport": 27,
        "predictable": true,
        "breakpointing": false,
        "route": {
            "id": "N",
            "name": "N Judah"
        },
        "dir": {
            "id": "N_0_var1",
            "dirName": "Ocean Beach from King St & 4th St",
            "dirNameShort": "Ocean Beach"
        },
        "occupancyStatus": 0,
        "occupancyDescription": "Empty",
        "vehiclesInConsist": 2,
        "linkedVehicleIds": "1498,1488",
        "detourId": null,
        "gpsTime": 1722996093000,
        "avlTime": 1722996111454,
        "lastDepot": "caltrain",
        "vehiclePosition": {
            "pathTag": "N_0_var1_10_3912_5199",
            "pathIndex": 169,
            "position": 2030,
            "currentStopTag": "5199",
            "currentStopOrderInTripPattern": 22,
            "atCurrentStop": false
        },
        "runId": "GRN065",
        "predUsingNavigationTm": false,
        "deadheadingBusYard": null
    },
    {
        "id": "1499",
        "vehicleType": "LRV_LRV",
        "lat": 37.760941,
        "lon": -122.494164,
        "jobTag": "9708_M31",
        "tripTag": "11623694_M31",
        "scheduledAdherenceSec": 120254,
        "scheduledHeadwaySec": 0,
        "heading": 87,
        "kph": 0,
        "secsSinceReport": 331,
        "predictable": true,
        "breakpointing": false,
        "route": {
            "id": "N",
            "name": "N Judah"
        },
        "dir": {
            "id": "N_1_var0",
            "dirName": "Caltrain/Ballpark",
            "dirNameShort": "Caltrain/Ballpark"
        },
        "occupancyStatus": 0,
        "occupancyDescription": "Empty",
        "vehiclesInConsist": 2,
        "linkedVehicleIds": "1542,1499",
        "detourId": null,
        "gpsTime": 1722995789000,
        "avlTime": 1722995810314,
        "lastDepot": "caltrain",
        "vehiclePosition": {
            "pathTag": "N_1_var0_4_5225_5200",
            "pathIndex": 175,
            "position": 144,
            "currentStopTag": "5210",
            "currentStopOrderInTripPattern": 6,
            "atCurrentStop": false
        },
        "runId": "GRN081",
        "predUsingNavigationTm": false,
        "deadheadingBusYard": null
    },
    {
        "id": "1526",
        "vehicleType": "LRV_LRV",
        "lat": 37.769539,
        "lon": -122.427391,
        "jobTag": "9704_M31",
        "tripTag": "11623692_M31",
        "scheduledAdherenceSec": 191342,
        "scheduledHeadwaySec": 0,
        "heading": 86,
        "kph": 0,
        "secsSinceReport": 13,
        "predictable": true,
        "breakpointing": false,
        "route": {
            "id": "N",
            "name": "N Judah"
        },
        "dir": {
            "id": "N_1_var0",
            "dirName": "Caltrain/Ballpark",
            "dirNameShort": "Caltrain/Ballpark"
        },
        "occupancyStatus": 0,
        "occupancyDescription": "Empty",
        "vehiclesInConsist": 2,
        "linkedVehicleIds": "1535,1526",
        "detourId": null,
        "gpsTime": 1722996107000,
        "avlTime": 1722996119830,
        "lastDepot": "caltrain",
        "vehiclePosition": {
            "pathTag": "N_1_var0_10_4448_5419",
            "pathIndex": 185,
            "position": 179,
            "currentStopTag": "5419",
            "currentStopOrderInTripPattern": 24,
            "atCurrentStop": false,
            "predictionTime": 1722996211952
        },
        "runId": "GRN066",
        "predUsingNavigationTm": false,
        "deadheadingBusYard": null
    },
    {
        "id": "2008",
        "vehicleType": "LRV_LRV",
        "lat": 37.7693439,
        "lon": -122.431107,
        "jobTag": "9713_M31",
        "tripTag": "11623578_M31",
        "scheduledAdherenceSec": 214999,
        "scheduledHeadwaySec": 0,
        "heading": 255,
        "kph": 19,
        "secsSinceReport": 37,
        "predictable": true,
        "breakpointing": false,
        "route": {
            "id": "N",
            "name": "N Judah"
        },
        "dir": {
            "id": "N_0_var1",
            "dirName": "Ocean Beach from King St & 4th St",
            "dirNameShort": "Ocean Beach"
        },
        "occupancyStatus": 3,
        "occupancyDescription": "Standing room only",
        "vehiclesInConsist": 2,
        "linkedVehicleIds": "2008,2056",
        "detourId": null,
        "gpsTime": 1722996083000,
        "avlTime": 1722996101701,
        "lastDepot": "caltrain",
        "vehiclePosition": {
            "pathTag": "N_0_var1_8_6996_3912",
            "pathIndex": 170,
            "position": 1299,
            "currentStopTag": "7252",
            "currentStopOrderInTripPattern": 11,
            "atCurrentStop": false,
            "predictionTime": 1722996145182
        },
        "runId": "GRN096",
        "predUsingNavigationTm": false,
        "deadheadingBusYard": null
    },
    {
        "id": "2021",
        "vehicleType": "LRV_LRV",
        "lat": 37.77906,
        "lon": -122.414444,
        "jobTag": "9707_M31",
        "tripTag": "11623563_M31",
        "scheduledAdherenceSec": 14065,
        "scheduledHeadwaySec": 0,
        "heading": 225,
        "kph": 24,
        "secsSinceReport": 27,
        "predictable": true,
        "breakpointing": false,
        "route": {
            "id": "N",
            "name": "N Judah"
        },
        "dir": {
            "id": "N_0_var1",
            "dirName": "Ocean Beach from King St & 4th St",
            "dirNameShort": "Ocean Beach"
        },
        "occupancyStatus": 3,
        "occupancyDescription": "Standing room only",
        "vehiclesInConsist": 2,
        "linkedVehicleIds": "2138,2021",
        "detourId": null,
        "gpsTime": 1722996093000,
        "avlTime": 1722996111922,
        "lastDepot": "caltrain",
        "vehiclePosition": {
            "pathTag": "N_0_var1_6_7217_6996",
            "pathIndex": 165,
            "position": 2129,
            "currentStopTag": "6997",
            "currentStopOrderInTripPattern": 8,
            "atCurrentStop": false
        },
        "runId": "GRN098",
        "predUsingNavigationTm": false,
        "deadheadingBusYard": null
    },
    {
        "id": "2018",
        "vehicleType": "LRV_LRV",
        "lat": 37.781471,
        "lon": -122.388374,
        "jobTag": "9712_M31",
        "tripTag": "11623784_M31",
        "scheduledAdherenceSec": -60852,
        "scheduledHeadwaySec": 0,
        "heading": 180,
        "kph": 37,
        "secsSinceReport": 65,
        "predictable": true,
        "breakpointing": false,
        "route": {
            "id": "N",
            "name": "N Judah"
        },
        "dir": {
            "id": "N_1_var0",
            "dirName": "Caltrain/Ballpark",
            "dirNameShort": "Caltrain/Ballpark"
        },
        "occupancyStatus": 1,
        "occupancyDescription": "Many seats available",
        "vehiclesInConsist": 2,
        "linkedVehicleIds": "2018,2133",
        "detourId": null,
        "gpsTime": 1722996055000,
        "avlTime": 1722996071321,
        "lastDepot": "caltrain",
        "vehiclePosition": {
            "pathTag": "N_1_var0_16_4509_5239_ar",
            "pathIndex": 158,
            "position": 1060,
            "currentStopTag": "5234",
            "currentStopOrderInTripPattern": 31,
            "atCurrentStop": false,
            "predictionTime": 1722996106001
        },
        "runId": "GRN075",
        "predUsingNavigationTm": false,
        "deadheadingBusYard": null
    },
    {
        "id": "2015",
        "vehicleType": "LRV_LRV",
        "lat": 37.760468,
        "lon": -122.50547,
        "jobTag": "9711_M31",
        "tripTag": "11623574_M31",
        "scheduledAdherenceSec": 186119,
        "scheduledHeadwaySec": 0,
        "heading": 268,
        "kph": 0,
        "secsSinceReport": 43,
        "predictable": true,
        "breakpointing": false,
        "route": {
            "id": "N",
            "name": "N Judah"
        },
        "dir": {
            "id": "N_0_var1",
            "dirName": "Ocean Beach from King St & 4th St",
            "dirNameShort": "Ocean Beach"
        },
        "occupancyStatus": 1,
        "occupancyDescription": "Many seats available",
        "vehiclesInConsist": 2,
        "linkedVehicleIds": "2016,2015",
        "detourId": null,
        "gpsTime": 1722996077000,
        "avlTime": 1722996092042,
        "lastDepot": "caltrain",
        "vehiclePosition": {
            "pathTag": "N_0_var1_14_5224_7219_ar",
            "pathIndex": 174,
            "position": 865,
            "currentStopTag": "5215",
            "currentStopOrderInTripPattern": 31,
            "atCurrentStop": false
        },
        "runId": "GRN090",
        "predUsingNavigationTm": false,
        "deadheadingBusYard": null
    },
    {
        "id": "2032",
        "vehicleType": "LRV_LRV",
        "lat": 37.774494,
        "lon": -122.396446,
        "jobTag": "9702_M31",
        "tripTag": "11623660_M31",
        "scheduledAdherenceSec": 0,
        "scheduledHeadwaySec": 0,
        "heading": 219,
        "kph": 0,
        "secsSinceReport": 34,
        "predictable": true,
        "breakpointing": true,
        "route": {
            "id": "N",
            "name": "N Judah"
        },
        "dir": {
            "id": "N_0_var1",
            "dirName": "Ocean Beach from King St & 4th St",
            "dirNameShort": "Ocean Beach"
        },
        "occupancyStatus": 0,
        "occupancyDescription": "Empty",
        "vehiclesInConsist": 2,
        "linkedVehicleIds": "2137,2032",
        "detourId": null,
        "gpsTime": 1722996086000,
        "avlTime": 1722996102741,
        "lastDepot": "caltrain",
        "vehiclePosition": {
            "pathTag": "N_0_var1_1_path_5240",
            "pathIndex": 193,
            "position": 0,
            "currentStopTag": "5240",
            "currentStopOrderInTripPattern": 1,
            "atCurrentStop": false,
            "predictionTime": 1722997440000
        },
        "runId": "GRN064",
        "predUsingNavigationTm": false,
        "deadheadingBusYard": null
    },
    {
        "id": "2029",
        "vehicleType": "LRV_LRV",
        "lat": 37.76421,
        "lon": -122.462708,
        "jobTag": "9705_M31",
        "tripTag": "11623576_M31",
        "scheduledAdherenceSec": 203392,
        "scheduledHeadwaySec": 0,
        "heading": 268,
        "kph": 0,
        "secsSinceReport": 23,
        "predictable": true,
        "breakpointing": false,
        "route": {
            "id": "N",
            "name": "N Judah"
        },
        "dir": {
            "id": "N_0_var1",
            "dirName": "Ocean Beach from King St & 4th St",
            "dirNameShort": "Ocean Beach"
        },
        "occupancyStatus": 2,
        "occupancyDescription": "Few seats available",
        "vehiclesInConsist": 2,
        "linkedVehicleIds": "2108,2029",
        "detourId": null,
        "gpsTime": 1722996097000,
        "avlTime": 1722996112007,
        "lastDepot": "caltrain",
        "vehiclePosition": {
            "pathTag": "N_0_var1_10_3912_5199",
            "pathIndex": 169,
            "position": 587,
            "currentStopTag": "8032",
            "currentStopOrderInTripPattern": 16,
            "atCurrentStop": true
        },
        "runId": "GRN059",
        "predUsingNavigationTm": false,
        "deadheadingBusYard": null
    },
    {
        "id": "2040",
        "vehicleType": "LRV_LRV",
        "lat": 37.760368,
        "lon": -122.507347,
        "jobTag": "9715_M31",
        "tripTag": "11623656_M31",
        "scheduledAdherenceSec": 0,
        "scheduledHeadwaySec": 0,
        "heading": 265,
        "kph": 0,
        "secsSinceReport": 59,
        "predictable": true,
        "breakpointing": false,
        "route": {
            "id": "N",
            "name": "N Judah"
        },
        "dir": {
            "id": "N_1_var0",
            "dirName": "Caltrain/Ballpark",
            "dirNameShort": "Caltrain/Ballpark"
        },
        "occupancyStatus": 0,
        "occupancyDescription": "Empty",
        "vehiclesInConsist": 2,
        "linkedVehicleIds": "2135,2040",
        "detourId": null,
        "gpsTime": 1722996061000,
        "avlTime": 1722996081967,
        "lastDepot": "caltrain",
        "vehiclePosition": {
            "pathTag": "N_0_var1_14_5224_7219_ar",
            "pathIndex": 142,
            "position": 1028,
            "currentStopTag": "7219_ar",
            "currentStopOrderInTripPattern": 32,
            "atCurrentStop": false,
            "predictionTime": 1722996118903
        },
        "runId": "GRN086",
        "predUsingNavigationTm": false,
        "deadheadingBusYard": null
    },
    {
        "id": "2038",
        "vehicleType": "LRV_LRV",
        "lat": 37.773411,
        "lon": -122.397743,
        "jobTag": "9710_M31",
        "tripTag": "11623565_M31",
        "scheduledAdherenceSec": 0,
        "scheduledHeadwaySec": 0,
        "heading": 219,
        "kph": 0,
        "secsSinceReport": 20,
        "predictable": true,
        "breakpointing": true,
        "route": {
            "id": "N",
            "name": "N Judah"
        },
        "dir": {
            "id": "N_0_var1",
            "dirName": "Ocean Beach from King St & 4th St",
            "dirNameShort": "Ocean Beach"
        },
        "occupancyStatus": 0,
        "occupancyDescription": "Empty",
        "vehiclesInConsist": 2,
        "linkedVehicleIds": "2038,2094",
        "detourId": null,
        "gpsTime": 1722996100000,
        "avlTime": 1722996119081,
        "lastDepot": "caltrain",
        "vehiclePosition": {
            "pathTag": "N_0_var1_1_path_5240",
            "pathIndex": 165,
            "position": 0,
            "currentStopTag": "5240",
            "currentStopOrderInTripPattern": 1,
            "atCurrentStop": false,
            "predictionTime": 1722996840000
        },
        "runId": "GRN104",
        "predUsingNavigationTm": false,
        "deadheadingBusYard": null
    },
    {
        "id": "2048",
        "vehicleType": "LRV_LRV",
        "lat": 37.760155,
        "lon": -122.508842,
        "jobTag": "9709_M31",
        "tripTag": "11623695_M31",
        "scheduledAdherenceSec": 0,
        "scheduledHeadwaySec": 0,
        "heading": 60,
        "kph": 11,
        "secsSinceReport": 39,
        "predictable": true,
        "breakpointing": true,
        "route": {
            "id": "N",
            "name": "N Judah"
        },
        "dir": {
            "id": "N_1_var0",
            "dirName": "Caltrain/Ballpark",
            "dirNameShort": "Caltrain/Ballpark"
        },
        "occupancyStatus": 0,
        "occupancyDescription": "Empty",
        "vehiclesInConsist": 2,
        "linkedVehicleIds": "2072,2048",
        "detourId": null,
        "gpsTime": 1722996081000,
        "avlTime": 1722996102470,
        "lastDepot": "caltrain",
        "vehiclePosition": {
            "pathTag": "N_1_var0_1_path_5223",
            "pathIndex": 172,
            "position": 0,
            "currentStopTag": "5223",
            "currentStopOrderInTripPattern": 1,
            "atCurrentStop": false,
            "predictionTime": 1722996131470
        },
        "runId": "GRN084",
        "predUsingNavigationTm": false,
        "deadheadingBusYard": null
    },
    {
        "id": "2081",
        "vehicleType": "LRV_LRV",
        "lat": 37.765755,
        "lon": -122.45018,
        "jobTag": "9706_M31",
        "tripTag": "11623693_M31",
        "scheduledAdherenceSec": -74482,
        "scheduledHeadwaySec": 0,
        "heading": 80,
        "kph": 0,
        "secsSinceReport": 23,
        "predictable": true,
        "breakpointing": false,
        "route": {
            "id": "N",
            "name": "N Judah"
        },
        "dir": {
            "id": "N_1_var0",
            "dirName": "Caltrain/Ballpark",
            "dirNameShort": "Caltrain/Ballpark"
        },
        "occupancyStatus": 1,
        "occupancyDescription": "Many seats available",
        "vehiclesInConsist": 2,
        "linkedVehicleIds": "2116,2081",
        "detourId": null,
        "gpsTime": 1722996097000,
        "avlTime": 1722996110681,
        "lastDepot": "caltrain",
        "vehiclePosition": {
            "pathTag": "N_1_var0_8_3913_4448",
            "pathIndex": 179,
            "position": 563,
            "currentStopTag": "3911",
            "currentStopOrderInTripPattern": 21,
            "atCurrentStop": true
        },
        "runId": "GRN078",
        "predUsingNavigationTm": false,
        "deadheadingBusYard": null
    },
    {
        "id": "2086",
        "vehicleType": "LRV_LRV",
        "lat": 37.773468,
        "lon": -122.397629,
        "jobTag": "9714_M31",
        "tripTag": "11623564_M31",
        "scheduledAdherenceSec": 0,
        "scheduledHeadwaySec": 0,
        "heading": 219,
        "kph": 0,
        "secsSinceReport": 39,
        "predictable": true,
        "breakpointing": true,
        "route": {
            "id": "N",
            "name": "N Judah"
        },
        "dir": {
            "id": "N_0_var1",
            "dirName": "Ocean Beach from King St & 4th St",
            "dirNameShort": "Ocean Beach"
        },
        "occupancyStatus": 0,
        "occupancyDescription": "Empty",
        "vehiclesInConsist": 2,
        "linkedVehicleIds": "2086,2125",
        "detourId": null,
        "gpsTime": 1722996081000,
        "avlTime": 1722996101955,
        "lastDepot": "caltrain",
        "vehiclePosition": {
            "pathTag": "N_0_var1_1_path_5240",
            "pathIndex": 160,
            "position": 0,
            "currentStopTag": "5240",
            "currentStopOrderInTripPattern": 1,
            "atCurrentStop": false,
            "predictionTime": 1722996240000
        },
        "runId": "GRN101",
        "predUsingNavigationTm": false,
        "deadheadingBusYard": null
    },
    {
        "id": "2091",
        "vehicleType": "LRV_LRV",
        "lat": 37.790455,
        "lon": -122.389519,
        "jobTag": "9701_M31",
        "tripTag": "11623562_M31",
        "scheduledAdherenceSec": -52943,
        "scheduledHeadwaySec": 0,
        "heading": 316,
        "kph": 0,
        "secsSinceReport": 27,
        "predictable": true,
        "breakpointing": false,
        "route": {
            "id": "N",
            "name": "N Judah"
        },
        "dir": {
            "id": "N_0_var1",
            "dirName": "Ocean Beach from King St & 4th St",
            "dirNameShort": "Ocean Beach"
        },
        "occupancyStatus": 1,
        "occupancyDescription": "Many seats available",
        "vehiclesInConsist": 2,
        "linkedVehicleIds": "2114,2091",
        "detourId": null,
        "gpsTime": 1722996093000,
        "avlTime": 1722996111739,
        "lastDepot": "caltrain",
        "vehiclePosition": {
            "pathTag": "N_0_var1_2_5240_4510",
            "pathIndex": 194,
            "position": 1824,
            "currentStopTag": "4510",
            "currentStopOrderInTripPattern": 4,
            "atCurrentStop": false,
            "predictionTime": 1722996126391
        },
        "runId": "GRN058",
        "predUsingNavigationTm": false,
        "deadheadingBusYard": null
    }
]